{"v":"5.6.6","ip":0,"op":180,"fr":60,"w":1440,"h":490,"layers":[{"ind":880,"nm":"surface4308","ao":0,"ip":0,"op":264,"st":0,"ty":4,"ks":{"ty":"tr","o":{"k":100},"r":{"a":1,"k":[{"i":{"x":[0.67],"y":[1]},"o":{"x":[0.33],"y":[0]},"t":0,"s":[-1]},{"i":{"x":[0.67],"y":[1]},"o":{"x":[0.33],"y":[0]},"t":26,"s":[1]},{"i":{"x":[0.67],"y":[1]},"o":{"x":[0.33],"y":[0]},"t":59,"s":[-1]},{"i":{"x":[0.67],"y":[1]},"o":{"x":[0.33],"y":[0]},"t":85,"s":[1]},{"i":{"x":[0.67],"y":[1]},"o":{"x":[0.33],"y":[0]},"t":118,"s":[-1]},{"i":{"x":[0.67],"y":[1]},"o":{"x":[0.33],"y":[0]},"t":144,"s":[1]},{"t":177,"s":[-1]}],"ix":10},"p":{"a":1,"k":[{"i":{"x":0.67,"y":1},"o":{"x":0.33,"y":0},"t":0,"s":[0,0,0],"to":[0,4.17,0],"ti":[0,0,0]},{"i":{"x":0.67,"y":1},"o":{"x":0.33,"y":0},"t":44,"s":[0,25,0],"to":[0,0,0],"ti":[0,0,0]},{"i":{"x":0.67,"y":1},"o":{"x":0.33,"y":0},"t":90,"s":[0,0,0],"to":[0,0,0],"ti":[0,0,0]},{"i":{"x":0.67,"y":1},"o":{"x":0.33,"y":0},"t":134,"s":[0,25,0],"to":[0,0,0],"ti":[0,4.17,0]},{"t":180,"s":[0,0,0]}],"ix":2},"a":{"k":[0,0]},"s":{"k":[133.33,133.33]},"sk":{"k":0},"sa":{"k":0}},"shapes":[{"ty":"gr","hd":false,"nm":"surface4308","it":[{"ty":"gr","hd":false,"it":[{"ty":"sh","ks":{"k":{"i":[[0,0],[0,0],[-105.95,-34.45],[-102.05,35.45],[-148.1,68.9],[0,0]],"o":[[0,0],[155.9,70.9],[105.95,34.45],[102.05,-35.45],[0,0],[0,0]],"v":[[0,375],[0,0],[417.75,176.25],[681.75,173.25],[1080,0],[1080,375]],"c":true}}},{"ty":"gf","s":{"k":[0,187.5]},"e":{"k":[1080,187.5]},"t":1,"h":{"k":0},"a":{"k":0},"g":{"p":2,"k":{"k":[0.05,1,0.34,0.13,0.95,0.65,0.8,0.47,0.05,1,0.95,1]}},"hd":false,"o":{"k":100}},{"ty":"tr","o":{"k":100},"r":{"k":0},"p":{"k":[0,0]},"a":{"k":[0,0]},"s":{"k":[100,100]},"sk":{"k":0},"sa":{"k":0},"hd":false}]},{"ty":"tr","o":{"k":100},"r":{"k":0},"p":{"k":[0,0]},"a":{"k":[0,0]},"s":{"k":[100,100]},"sk":{"k":0},"sa":{"k":0},"hd":false}]}]}],"meta":{"g":"LF SVG to Lottie"},"assets":[]}